species,n_presence,n_background,auc_training,intercept,status
Chromis chromis,358,2000,0.9662437150837989,-3.320145888607512,ok
Diplodus vulgaris,340,2000,0.9620176470588235,-3.2924246063413047,ok
Parablennius incognitus,165,2000,0.9659045454545454,-3.4735447256496355,ok
Parablennius rouxi,214,2000,0.9662827102803738,-3.3208595255646296,ok
